Send day,Segment,Company,Decision maker,Title,Email,Cc,Company phone,Notes
1,Partner,Tac Net APU,Gerhard de Beer,General Manager,gm@tacnetapu.com,,+27 41 581 8306,"PARTNER angle (anti-poaching unit, PE). Address is gm@ (role address used by the GM, Gerhard de Beer). No assessment offer."
1,Reserve,Fort Governor's Safaris,Sean Van Zyl,Managing Director & Head PH,sean@fortgovernors.com,,+27 71 119 2040,Makhanda (~1h30 from PE).
1,Reserve,Gondwana Game Reserve,Mark Rutherfoord,CEO,mark@gondwanagr.co.za,,+27 44 333 0200,
1,Reserve,The Port Elizabeth Hotel Group (Pumba),Jacques Lombard,Managing Director,jacques@pehotels.co.za,,+27 41 502 3000,Owns Pumba; Jacques was Pumba GM 2008-2010 and 2012-2013 (LinkedIn). Route into Pumba (Dale Howarth's only email is a shared mailbox).
1,Wind,3Energy Renewables (Oyster Bay / Tsitsikamma WF),Melumzi Gxekwa,Site Operations Manager,melumzi@3energy.co.za,,+27 31 301 6444,Per LinkedIn: eBOP responsible person at Oyster Bay WF and site manager Tsitsikamma Community WF.
1,Wind,Globeleq (Jeffreys Bay Wind Farm),Otto Fourie,"Site Manager, Jeffreys Bay Wind Farm",otto.fourie@globeleq.co.za,Nico Lombard <nico.lombard@globeleq.co.za>,,Otto = JBay WF site manager (LinkedIn headline). Nico = Asset Manager Globeleq (cc).
2,Farm,Endulini Fruit,Theodor Ferreira,Farm Manager,theodor@endulini.co.za,,+27 42 283 0228,"Patensie, Gamtoos Valley (~1h from PE)."
2,Farm,Number Two Piggeries,Theo Feuth,CEO,theo@n2p.co.za,,,Queenstown/Cofimvaba area (~4h from PE).
2,Farm,Sovereign Foods,Gerald Walter,Director,gwalter@sovfoods.co.za,,+27 41 995 1700,Uitenhage.
2,Farm,Sundays River Citrus Company,Greg Jones,General Manager (SRV Citrus Producer Forum),gjones@srcc.co.za,Frikkie Olivier <folivier@srcc.co.za>,+27 42 233 0320,"Greg's LinkedIn headline: GM, Sundays River Valley Citrus Producer Forum. Neutral-host / shared backbone angle."
2,Mine,Afrimat (Eastern Cape),Albert da Serra,"General Manager, Afrimat Construction Materials EC",albert.daserra@afrimat.co.za,,+27 21 917 8840,
2,Mine,PPC,Johan Coetzee,Engineering Manager,johan.coetzee@ppc.co.za,,,PE-based engineering manager.
2,Mine,SupaCrush,Wiehann Steffens,Mine Manager,wiehann@supacrush.com,,+27 41 406 7900,"Mobile crushing contractor, PE; supplies aggregate incl. for wind farms."
2,Mine,Swartkops Sea Salt,Chrisjan Joubert,Mine Manager,chrisjan@saltpan.co.za,,,"Swartkops, PE."
3,Farm,MTO Forestry,Jaco Oosthuizen,General Manager MTO South,jaco@mto.group,,,Garden Route plantations.
3,Farm,Redberry Farm,Mariska Landman,Senior General Manager,mariska@redberryfarm.co.za,,+27 79 605 3345,George. Farm + tourism.
3,Farm,Rotondo Walnuts,Didier Botes,General Manager,didier@rotondo-walnuts.co.za,,+27 53 030 0151,Aliwal North area (~4h30 from PE).
3,Farm,SAB Hop Farms,Brenton Strauss,Operations Manager - SAB Hop Farms,brenton.strauss@za.ab-inbev.com,,,George area.
3,Reserve,Bergplaas Nature Reserve,Wayne Maspero,Reserve & Conservation Manager,wayne@bergplaas.com,,+27 40 555 1011,Graaff-Reinet (~3h from PE). Small operation.
3,Reserve,Botlierskop Private Game Reserve,Francina Terblanche,General Manager,francina@botlierskop.co.za,,+27 44 333 0021,"Little Brak River, Mossel Bay (~4h from PE)."
3,Reserve,Garden Route Game Lodge,Anthony Doherty,Managing Director,anthony.doherty@grgamelodge.co.za,Amelia Strydom <amelia@grgamelodge.co.za>,+27 28 735 1200,Albertinia (~3h30 from PE). Amelia Strydom GM (cc).
3,Wind,ENGIE Southern Africa,Siphosethu Sabani,Plant Manager,siphosethu.sabani@engie.com,,+27 10 612 0700,"Based Bedford, EC (~2h30 from PE)."
3,Wind,Enel Green Power,Sadao Chika,Construction Site Manager - Renewable Energy,sadao.chika@enel.com,,,
3,Wind,Suzlon,Zongeziwe Nofuya,OMS Manager,zongeziwe.nofuya@suzlon.com,,,Somerset East (~2h from PE).
